card_code,rarity,is_parallel_name,name_ja,sell_price_jpy,buy_price_jpy,raw_sell_price_text,raw_buy_price_text,sell_url,buy_url,is_suspicious,error_message
hBP03-001,OSR,0,姫森ルーナ,500,150,500 円,150 円,https://yuyu-tei.jp/sell/hocg/card/hbp03/10001,https://yuyu-tei.jp/buy/hocg/card/hbp03/10001,0,
hBP03-001,OUR,1,姫森ルーナ(パラレル),12800,9000,"12,800 円","9,000 円",https://yuyu-tei.jp/sell/hocg/card/hbp03/10002,https://yuyu-tei.jp/buy/hocg/card/hbp03/10002,0,
hBP03-002,OSR,0,獅白ぼたん,420,100,420 円,100 円,https://yuyu-tei.jp/sell/hocg/card/hbp03/10003,https://yuyu-tei.jp/buy/hocg/card/hbp03/10003,0,
hBP03-002,OUR,1,獅白ぼたん(パラレル),12800,9000,"12,800 円","9,000 円",https://yuyu-tei.jp/sell/hocg/card/hbp03/10004,https://yuyu-tei.jp/buy/hocg/card/hbp03/10004,0,
hBP03-002,SEC,1,獅白ぼたん(パラレル/サイン),59800,48000,"59,800 円","48,000 円",https://yuyu-tei.jp/sell/hocg/card/hbp03/10005,https://yuyu-tei.jp/buy/hocg/card/hbp03/10005,0,
hBP03-003,OSR,0,さくらみこ,1780,800,"1,780 円",800 円,https://yuyu-tei.jp/sell/hocg/card/hbp03/10006,https://yuyu-tei.jp/buy/hocg/card/hbp03/10006,0,
hBP03-003,OUR,1,さくらみこ(パラレル),24800,20000,"24,800 円","20,000 円",https://yuyu-tei.jp/sell/hocg/card/hbp03/10007,https://yuyu-tei.jp/buy/hocg/card/hbp03/10007,0,
hBP03-003,SEC,1,さくらみこ(パラレル/サイン),128000,100000,"128,000 円","100,000 円",https://yuyu-tei.jp/sell/hocg/card/hbp03/10008,https://yuyu-tei.jp/buy/hocg/card/hbp03/10008,0,
hBP03-004,OSR,0,FUWAMOCO,780,300,780 円,300 円,https://yuyu-tei.jp/sell/hocg/card/hbp03/10009,https://yuyu-tei.jp/buy/hocg/card/hbp03/10009,0,
hBP03-004,OUR,1,FUWAMOCO(パラレル),19800,16000,"19,800 円","16,000 円",https://yuyu-tei.jp/sell/hocg/card/hbp03/10010,https://yuyu-tei.jp/buy/hocg/card/hbp03/10010,0,
hBP03-005,OSR,0,常闇トワ,680,300,680 円,300 円,https://yuyu-tei.jp/sell/hocg/card/hbp03/10011,https://yuyu-tei.jp/buy/hocg/card/hbp03/10011,0,
hBP03-005,OUR,1,常闇トワ(パラレル),14800,10000,"14,800 円","10,000 円",https://yuyu-tei.jp/sell/hocg/card/hbp03/10012,https://yuyu-tei.jp/buy/hocg/card/hbp03/10012,0,
hBP03-005,SEC,1,常闇トワ(パラレル/サイン),69800,35000,"69,800 円","35,000 円",https://yuyu-tei.jp/sell/hocg/card/hbp03/10013,https://yuyu-tei.jp/buy/hocg/card/hbp03/10013,0,
hBP03-006,OSR,0,戌神ころね,3980,2800,"3,980 円","2,800 円",https://yuyu-tei.jp/sell/hocg/card/hbp03/10014,https://yuyu-tei.jp/buy/hocg/card/hbp03/10014,0,
hBP03-006,OUR,1,戌神ころね(パラレル),34800,28000,"34,800 円","28,000 円",https://yuyu-tei.jp/sell/hocg/card/hbp03/10015,https://yuyu-tei.jp/buy/hocg/card/hbp03/10015,0,
hBP03-007,OSR,0,角巻わため,580,150,580 円,150 円,https://yuyu-tei.jp/sell/hocg/card/hbp03/10016,https://yuyu-tei.jp/buy/hocg/card/hbp03/10016,0,
hBP03-007,OUR,1,角巻わため(パラレル),12800,6000,"12,800 円","6,000 円",https://yuyu-tei.jp/sell/hocg/card/hbp03/10017,https://yuyu-tei.jp/buy/hocg/card/hbp03/10017,0,
hBP03-007,SEC,1,角巻わため(パラレル/サイン),69800,55000,"69,800 円","55,000 円",https://yuyu-tei.jp/sell/hocg/card/hbp03/10018,https://yuyu-tei.jp/buy/hocg/card/hbp03/10018,0,
hBP03-008,OSR,0,アユンダ・リス,320,20,320 円,20 円,https://yuyu-tei.jp/sell/hocg/card/hbp03/10019,https://yuyu-tei.jp/buy/hocg/card/hbp03/10019,0,
hBP03-008,OUR,1,アユンダ・リス(パラレル),5980,3000,"5,980 円","3,000 円",https://yuyu-tei.jp/sell/hocg/card/hbp03/10020,https://yuyu-tei.jp/buy/hocg/card/hbp03/10020,0,
hBP03-009,C,0,姫森ルーナ,80,,80 円,,https://yuyu-tei.jp/sell/hocg/card/hbp03/10021,,0,
hBP03-009,C,1,姫森ルーナ(パラレル/hBP06),50,,50 円,,https://yuyu-tei.jp/sell/hocg/card/hbp06/10221,,0,
hBP03-009,P,1,姫森ルーナ(パラレル/ベーシックPRパック vol.4),320,10,320 円,10 円,https://yuyu-tei.jp/sell/hocg/card/promo-hbp10/10067,https://yuyu-tei.jp/buy/hocg/card/promo-hbp10/10067,0,
hBP03-010,S,1,姫森ルーナ(パラレル),420,200,420 円,200 円,https://yuyu-tei.jp/sell/hocg/card/hbp03/10023,https://yuyu-tei.jp/buy/hocg/card/hbp03/10023,0,
hBP03-010,U,0,姫森ルーナ,30,,30 円,,https://yuyu-tei.jp/sell/hocg/card/hbp03/10022,,0,
hBP03-011,C,0,姫森ルーナ,30,,30 円,,https://yuyu-tei.jp/sell/hocg/card/hbp03/10024,,0,
hBP03-011,S,1,姫森ルーナ(パラレル),320,100,320 円,100 円,https://yuyu-tei.jp/sell/hocg/card/hbp03/10025,https://yuyu-tei.jp/buy/hocg/card/hbp03/10025,0,
hBP03-012,S,1,姫森ルーナ(パラレル),320,150,320 円,150 円,https://yuyu-tei.jp/sell/hocg/card/hbp03/10027,https://yuyu-tei.jp/buy/hocg/card/hbp03/10027,0,
hBP03-012,U,0,姫森ルーナ,30,,30 円,,https://yuyu-tei.jp/sell/hocg/card/hbp03/10026,,0,
hBP03-013,R,0,姫森ルーナ,50,,50 円,,https://yuyu-tei.jp/sell/hocg/card/hbp03/10028,,0,
hBP03-013,SR,1,姫森ルーナ(パラレル),680,300,680 円,300 円,https://yuyu-tei.jp/sell/hocg/card/hbp03/10029,https://yuyu-tei.jp/buy/hocg/card/hbp03/10029,0,
hBP03-014,RR,0,姫森ルーナ,180,5,180 円,5 円,https://yuyu-tei.jp/sell/hocg/card/hbp03/10030,https://yuyu-tei.jp/buy/hocg/card/hbp03/10030,0,
hBP03-014,SR,1,姫森ルーナ(パラレル),500,100,500 円,100 円,https://yuyu-tei.jp/sell/hocg/card/hbp03/10031,https://yuyu-tei.jp/buy/hocg/card/hbp03/10031,0,
hBP03-014,UR,1,姫森ルーナ(パラレル),3480,2400,"3,480 円","2,400 円",https://yuyu-tei.jp/sell/hocg/card/hbp03/10032,https://yuyu-tei.jp/buy/hocg/card/hbp03/10032,0,
hBP03-015,RR,0,轟はじめ,180,5,180 円,5 円,https://yuyu-tei.jp/sell/hocg/card/hbp03/10033,https://yuyu-tei.jp/buy/hocg/card/hbp03/10033,0,
hBP03-015,SR,1,轟はじめ(パラレル),580,200,580 円,200 円,https://yuyu-tei.jp/sell/hocg/card/hbp03/10034,https://yuyu-tei.jp/buy/hocg/card/hbp03/10034,0,
hBP03-015,UR,1,轟はじめ(パラレル),2980,2000,"2,980 円","2,000 円",https://yuyu-tei.jp/sell/hocg/card/hbp03/10035,https://yuyu-tei.jp/buy/hocg/card/hbp03/10035,0,
hBP03-016,C,0,獅白ぼたん,120,,120 円,,https://yuyu-tei.jp/sell/hocg/card/hbp03/10036,,0,
hBP03-016,P,1,獅白ぼたん(パラレル/ベーシックPRパック vol.5),220,20,220 円,20 円,https://yuyu-tei.jp/sell/hocg/card/promo-hbp10/10077,https://yuyu-tei.jp/buy/hocg/card/promo-hbp10/10077,0,
hBP03-017,S,1,獅白ぼたん(パラレル),500,200,500 円,200 円,https://yuyu-tei.jp/sell/hocg/card/hbp03/10038,https://yuyu-tei.jp/buy/hocg/card/hbp03/10038,0,
hBP03-017,U,0,獅白ぼたん,30,,30 円,,https://yuyu-tei.jp/sell/hocg/card/hbp03/10037,,0,
hBP03-018,C,0,獅白ぼたん,30,,30 円,,https://yuyu-tei.jp/sell/hocg/card/hbp03/10039,,0,
hBP03-018,S,1,獅白ぼたん(パラレル),320,50,320 円,50 円,https://yuyu-tei.jp/sell/hocg/card/hbp03/10040,https://yuyu-tei.jp/buy/hocg/card/hbp03/10040,0,
hBP03-019,S,1,獅白ぼたん(パラレル),500,150,500 円,150 円,https://yuyu-tei.jp/sell/hocg/card/hbp03/10042,https://yuyu-tei.jp/buy/hocg/card/hbp03/10042,0,
hBP03-019,U,0,獅白ぼたん,30,,30 円,,https://yuyu-tei.jp/sell/hocg/card/hbp03/10041,,0,
hBP03-020,R,0,獅白ぼたん,50,,50 円,,https://yuyu-tei.jp/sell/hocg/card/hbp03/10043,,0,
hBP03-020,SR,1,獅白ぼたん(パラレル),680,250,680 円,250 円,https://yuyu-tei.jp/sell/hocg/card/hbp03/10044,https://yuyu-tei.jp/buy/hocg/card/hbp03/10044,0,
hBP03-021,RR,0,獅白ぼたん,120,,120 円,,https://yuyu-tei.jp/sell/hocg/card/hbp03/10045,,0,
hBP03-021,SR,1,獅白ぼたん(パラレル),580,150,580 円,150 円,https://yuyu-tei.jp/sell/hocg/card/hbp03/10046,https://yuyu-tei.jp/buy/hocg/card/hbp03/10046,0,
hBP03-021,UR,1,獅白ぼたん(パラレル),4980,1700,"4,980 円","1,700 円",https://yuyu-tei.jp/sell/hocg/card/hbp03/10047,https://yuyu-tei.jp/buy/hocg/card/hbp03/10047,0,
hBP03-022,R,0,アキ・ローゼンタール,50,,50 円,,https://yuyu-tei.jp/sell/hocg/card/hbp03/10048,,0,
hBP03-022,SR,1,アキ・ローゼンタール(パラレル),580,200,580 円,200 円,https://yuyu-tei.jp/sell/hocg/card/hbp03/10049,https://yuyu-tei.jp/buy/hocg/card/hbp03/10049,0,
hBP03-023,R,0,兎田ぺこら,120,,120 円,,https://yuyu-tei.jp/sell/hocg/card/hbp03/10050,,0,
hBP03-023,SR,1,兎田ぺこら(パラレル),1980,1000,"1,980 円","1,000 円",https://yuyu-tei.jp/sell/hocg/card/hbp03/10051,https://yuyu-tei.jp/buy/hocg/card/hbp03/10051,0,
hBP03-024,RR,0,風真いろは,220,5,220 円,5 円,https://yuyu-tei.jp/sell/hocg/card/hbp03/10052,https://yuyu-tei.jp/buy/hocg/card/hbp03/10052,0,
hBP03-024,SR,1,風真いろは(パラレル),980,500,980 円,500 円,https://yuyu-tei.jp/sell/hocg/card/hbp03/10053,https://yuyu-tei.jp/buy/hocg/card/hbp03/10053,0,
hBP03-024,UR,1,風真いろは(パラレル),5980,3000,"5,980 円","3,000 円",https://yuyu-tei.jp/sell/hocg/card/hbp03/10054,https://yuyu-tei.jp/buy/hocg/card/hbp03/10054,0,
hBP03-025,C,0,さくらみこ,180,10,180 円,10 円,https://yuyu-tei.jp/sell/hocg/card/hbp03/10055,https://yuyu-tei.jp/buy/hocg/card/hbp03/10055,0,
hBP03-025,P,1,さくらみこ(パラレル/ベーシックPRパック vol.5),500,100,500 円,100 円,https://yuyu-tei.jp/sell/hocg/card/promo-hbp10/10078,https://yuyu-tei.jp/buy/hocg/card/promo-hbp10/10078,0,
hBP03-026,P,1,さくらみこ(パラレル/Vジャンプ2025年5月),220,,220 円,,https://yuyu-tei.jp/sell/hocg/card/promo-hbp10/10065,,0,
hBP03-026,S,1,さくらみこ(パラレル),320,50,320 円,50 円,https://yuyu-tei.jp/sell/hocg/card/hbp03/10057,https://yuyu-tei.jp/buy/hocg/card/hbp03/10057,0,
hBP03-026,U,0,さくらみこ,50,,50 円,,https://yuyu-tei.jp/sell/hocg/card/hbp03/10056,,0,
hBP03-027,C,0,さくらみこ(エラッタ前),30,2,30 円,2 円,https://yuyu-tei.jp/sell/hocg/card/hbp03/10058,https://yuyu-tei.jp/buy/hocg/card/hbp03/10233,0,
hBP03-027,S,1,さくらみこ(パラレル)(エラッタ前),980,600,980 円,600 円,https://yuyu-tei.jp/sell/hocg/card/hbp03/10059,https://yuyu-tei.jp/buy/hocg/card/hbp03/10234,0,
hBP03-028,S,1,さくらみこ(パラレル),780,250,780 円,250 円,https://yuyu-tei.jp/sell/hocg/card/hbp03/10061,https://yuyu-tei.jp/buy/hocg/card/hbp03/10061,0,
hBP03-028,U,0,さくらみこ,30,,30 円,,https://yuyu-tei.jp/sell/hocg/card/hbp03/10060,,0,
hBP03-029,R,0,さくらみこ,180,10,180 円,10 円,https://yuyu-tei.jp/sell/hocg/card/hbp03/10062,https://yuyu-tei.jp/buy/hocg/card/hbp03/10062,0,
hBP03-029,SR,1,さくらみこ(パラレル),2480,1200,"2,480 円","1,200 円",https://yuyu-tei.jp/sell/hocg/card/hbp03/10063,https://yuyu-tei.jp/buy/hocg/card/hbp03/10063,0,
hBP03-030,RR,0,さくらみこ,420,30,420 円,30 円,https://yuyu-tei.jp/sell/hocg/card/hbp03/10064,https://yuyu-tei.jp/buy/hocg/card/hbp03/10064,0,
hBP03-030,SR,1,さくらみこ(パラレル/1st Anniversary Celebration Set),2480,800,"2,480 円",800 円,https://yuyu-tei.jp/sell/hocg/card/promo-hbp10/10127,https://yuyu-tei.jp/buy/hocg/card/promo-hbp10/10127,0,
hBP03-030,UR,1,さくらみこ(パラレル),5980,3000,"5,980 円","3,000 円",https://yuyu-tei.jp/sell/hocg/card/hbp03/10066,https://yuyu-tei.jp/buy/hocg/card/hbp03/10066,0,
hBP03-031,C,0,赤井はあと,80,,80 円,,https://yuyu-tei.jp/sell/hocg/card/hbp03/10067,,0,
hBP03-031,P,1,赤井はあと(パラレル/ベーシックPRパック vol.4),280,5,280 円,5 円,https://yuyu-tei.jp/sell/hocg/card/promo-hbp10/10068,https://yuyu-tei.jp/buy/hocg/card/promo-hbp10/10068,0,
hBP03-032,C,0,赤井はあと,30,,30 円,,https://yuyu-tei.jp/sell/hocg/card/hbp03/10068,,0,
hBP03-032,S,1,赤井はあと(パラレル),180,10,180 円,10 円,https://yuyu-tei.jp/sell/hocg/card/hbp03/10069,https://yuyu-tei.jp/buy/hocg/card/hbp03/10069,0,
hBP03-033,S,1,赤井はあと(パラレル),180,10,180 円,10 円,https://yuyu-tei.jp/sell/hocg/card/hbp03/10071,https://yuyu-tei.jp/buy/hocg/card/hbp03/10071,0,
hBP03-033,U,0,赤井はあと,30,,30 円,,https://yuyu-tei.jp/sell/hocg/card/hbp03/10070,,0,
hBP03-034,RR,0,赤井はあと,120,,120 円,,https://yuyu-tei.jp/sell/hocg/card/hbp03/10072,,0,
hBP03-034,SR,1,赤井はあと(パラレル),420,50,420 円,50 円,https://yuyu-tei.jp/sell/hocg/card/hbp03/10073,https://yuyu-tei.jp/buy/hocg/card/hbp03/10073,0,
hBP03-034,UR,1,赤井はあと(パラレル),2480,1000,"2,480 円","1,000 円",https://yuyu-tei.jp/sell/hocg/card/hbp03/10074,https://yuyu-tei.jp/buy/hocg/card/hbp03/10074,0,
hBP03-035,R,0,鷹嶺ルイ,50,,50 円,,https://yuyu-tei.jp/sell/hocg/card/hbp03/10075,,0,
hBP03-035,SR,1,鷹嶺ルイ(パラレル),580,300,580 円,300 円,https://yuyu-tei.jp/sell/hocg/card/hbp03/10076,https://yuyu-tei.jp/buy/hocg/card/hbp03/10076,0,
hBP03-036,R,0,小鳥遊キアラ,50,,50 円,,https://yuyu-tei.jp/sell/hocg/card/hbp03/10077,,0,
hBP03-036,SR,1,小鳥遊キアラ(パラレル),580,150,580 円,150 円,https://yuyu-tei.jp/sell/hocg/card/hbp03/10078,https://yuyu-tei.jp/buy/hocg/card/hbp03/10078,0,
hBP03-037,C,0,モココ・アビスガード,80,,80 円,,https://yuyu-tei.jp/sell/hocg/card/hbp03/10079,,0,
hBP03-037,P,1,モココ・アビスガード(パラレル/ベーシックPRパック vol.6),220,5,220 円,5 円,https://yuyu-tei.jp/sell/hocg/card/promo-hbp10/10089,https://yuyu-tei.jp/buy/hocg/card/promo-hbp10/10089,0,
hBP03-038,C,0,モココ・アビスガード,30,,30 円,,https://yuyu-tei.jp/sell/hocg/card/hbp03/10080,,0,
hBP03-038,S,1,モココ・アビスガード(パラレル),500,150,500 円,150 円,https://yuyu-tei.jp/sell/hocg/card/hbp03/10081,https://yuyu-tei.jp/buy/hocg/card/hbp03/10081,0,
hBP03-039,R,0,モココ・アビスガード,50,,50 円,,https://yuyu-tei.jp/sell/hocg/card/hbp03/10082,,0,
hBP03-039,SR,1,モココ・アビスガード(パラレル),680,300,680 円,300 円,https://yuyu-tei.jp/sell/hocg/card/hbp03/10083,https://yuyu-tei.jp/buy/hocg/card/hbp03/10083,0,
hBP03-040,C,0,フワワ・アビスガード,120,2,120 円,2 円,https://yuyu-tei.jp/sell/hocg/card/hbp03/10084,https://yuyu-tei.jp/buy/hocg/card/hbp03/10084,0,
hBP03-040,P,1,フワワ・アビスガード(パラレル/ベーシックPRパック vol.5),280,20,280 円,20 円,https://yuyu-tei.jp/sell/hocg/card/promo-hbp10/10079,https://yuyu-tei.jp/buy/hocg/card/promo-hbp10/10079,0,
hBP03-041,C,0,フワワ・アビスガード,30,,30 円,,https://yuyu-tei.jp/sell/hocg/card/hbp03/10085,,0,
hBP03-041,S,1,フワワ・アビスガード(パラレル),420,50,420 円,50 円,https://yuyu-tei.jp/sell/hocg/card/hbp03/10086,https://yuyu-tei.jp/buy/hocg/card/hbp03/10086,0,
hBP03-042,S,1,フワワ・アビスガード(パラレル),780,250,780 円,250 円,https://yuyu-tei.jp/sell/hocg/card/hbp03/10088,https://yuyu-tei.jp/buy/hocg/card/hbp03/10088,0,
hBP03-042,U,0,フワワ・アビスガード,30,,30 円,,https://yuyu-tei.jp/sell/hocg/card/hbp03/10087,,0,
hBP03-043,RR,0,フワワ・アビスガード,220,10,220 円,10 円,https://yuyu-tei.jp/sell/hocg/card/hbp03/10089,https://yuyu-tei.jp/buy/hocg/card/hbp03/10089,0,
hBP03-043,SR,1,フワワ・アビスガード(パラレル),980,500,980 円,500 円,https://yuyu-tei.jp/sell/hocg/card/hbp03/10090,https://yuyu-tei.jp/buy/hocg/card/hbp03/10090,0,
hBP03-043,UR,1,フワワ・アビスガード(パラレル),4980,2500,"4,980 円","2,500 円",https://yuyu-tei.jp/sell/hocg/card/hbp03/10091,https://yuyu-tei.jp/buy/hocg/card/hbp03/10091,0,
hBP03-044,R,0,星街すいせい,180,,180 円,,https://yuyu-tei.jp/sell/hocg/card/hbp03/10092,,0,
hBP03-044,SR,1,星街すいせい(パラレル),2980,1000,"2,980 円","1,000 円",https://yuyu-tei.jp/sell/hocg/card/hbp03/10093,https://yuyu-tei.jp/buy/hocg/card/hbp03/10093,0,
hBP03-045,R,0,こぼ・かなえる,50,,50 円,,https://yuyu-tei.jp/sell/hocg/card/hbp03/10094,,0,
hBP03-045,SR,1,こぼ・かなえる(パラレル),680,250,680 円,250 円,https://yuyu-tei.jp/sell/hocg/card/hbp03/10095,https://yuyu-tei.jp/buy/hocg/card/hbp03/10095,0,
hBP03-046,C,0,火威青,80,,80 円,,https://yuyu-tei.jp/sell/hocg/card/hbp03/10096,,0,
hBP03-046,P,1,火威青(パラレル/ベーシックPRパック vol.5),280,5,280 円,5 円,https://yuyu-tei.jp/sell/hocg/card/promo-hbp10/10080,https://yuyu-tei.jp/buy/hocg/card/promo-hbp10/10080,0,
hBP03-047,C,0,火威青,30,,30 円,,https://yuyu-tei.jp/sell/hocg/card/hbp03/10097,,0,
hBP03-047,S,1,火威青(パラレル),180,30,180 円,30 円,https://yuyu-tei.jp/sell/hocg/card/hbp03/10098,https://yuyu-tei.jp/buy/hocg/card/hbp03/10098,0,
hBP03-048,S,1,火威青(パラレル),180,30,180 円,30 円,https://yuyu-tei.jp/sell/hocg/card/hbp03/10100,https://yuyu-tei.jp/buy/hocg/card/hbp03/10100,0,
hBP03-048,U,0,火威青,30,,30 円,,https://yuyu-tei.jp/sell/hocg/card/hbp03/10099,,0,
hBP03-049,R,0,火威青,50,2,50 円,2 円,https://yuyu-tei.jp/sell/hocg/card/hbp03/10101,https://yuyu-tei.jp/buy/hocg/card/hbp03/10101,0,
hBP03-049,SR,1,火威青(パラレル),980,500,980 円,500 円,https://yuyu-tei.jp/sell/hocg/card/hbp03/10102,https://yuyu-tei.jp/buy/hocg/card/hbp03/10102,0,
hBP03-050,R,0,FUWAMOCO,120,,120 円,,https://yuyu-tei.jp/sell/hocg/card/hbp03/10103,,0,
hBP03-050,SR,1,FUWAMOCO(パラレル),1480,700,"1,480 円",700 円,https://yuyu-tei.jp/sell/hocg/card/hbp03/10104,https://yuyu-tei.jp/buy/hocg/card/hbp03/10104,0,
hBP03-051,C,0,常闇トワ,120,,120 円,,https://yuyu-tei.jp/sell/hocg/card/hbp03/10105,,0,
hBP03-051,P,1,常闇トワ(パラレル/2ndアルバム完全生産限定版),7980,6000,"7,980 円","6,000 円",https://yuyu-tei.jp/sell/hocg/card/promo-hbp10/10124,https://yuyu-tei.jp/buy/hocg/card/promo-hbp10/10124,0,
hBP03-052,S,1,常闇トワ(パラレル),220,20,220 円,20 円,https://yuyu-tei.jp/sell/hocg/card/hbp03/10107,https://yuyu-tei.jp/buy/hocg/card/hbp03/10107,0,
hBP03-052,U,0,常闇トワ,30,,30 円,,https://yuyu-tei.jp/sell/hocg/card/hbp03/10106,,0,
hBP03-053,C,0,常闇トワ,30,,30 円,,https://yuyu-tei.jp/sell/hocg/card/hbp03/10108,,0,
hBP03-053,S,1,常闇トワ(パラレル),780,300,780 円,300 円,https://yuyu-tei.jp/sell/hocg/card/hbp03/10109,https://yuyu-tei.jp/buy/hocg/card/hbp03/10109,0,
hBP03-054,S,1,常闇トワ(パラレル),680,250,680 円,250 円,https://yuyu-tei.jp/sell/hocg/card/hbp03/10111,https://yuyu-tei.jp/buy/hocg/card/hbp03/10111,0,
hBP03-054,U,0,常闇トワ,30,,30 円,,https://yuyu-tei.jp/sell/hocg/card/hbp03/10110,,0,
hBP03-055,R,0,常闇トワ,50,,50 円,,https://yuyu-tei.jp/sell/hocg/card/hbp03/10112,,0,
hBP03-055,SR,1,常闇トワ(パラレル),980,400,980 円,400 円,https://yuyu-tei.jp/sell/hocg/card/hbp03/10113,https://yuyu-tei.jp/buy/hocg/card/hbp03/10113,0,
hBP03-056,RR,0,常闇トワ,220,5,220 円,5 円,https://yuyu-tei.jp/sell/hocg/card/hbp03/10114,https://yuyu-tei.jp/buy/hocg/card/hbp03/10114,0,
hBP03-056,SR,1,常闇トワ(パラレル),980,500,980 円,500 円,https://yuyu-tei.jp/sell/hocg/card/hbp03/10115,https://yuyu-tei.jp/buy/hocg/card/hbp03/10115,0,
hBP03-056,UR,1,常闇トワ(パラレル),5980,4500,"5,980 円","4,500 円",https://yuyu-tei.jp/sell/hocg/card/hbp03/10116,https://yuyu-tei.jp/buy/hocg/card/hbp03/10116,0,
hBP03-057,C,0,ロボ子さん,80,,80 円,,https://yuyu-tei.jp/sell/hocg/card/hbp03/10117,,0,
hBP03-057,C,1,ロボ子さん(パラレル/hBP06),50,,50 円,,https://yuyu-tei.jp/sell/hocg/card/hbp06/10222,,0,
hBP03-057,P,1,ロボ子さん(パラレル/ベーシックPRパック vol.5),320,30,320 円,30 円,https://yuyu-tei.jp/sell/hocg/card/promo-hbp10/10081,https://yuyu-tei.jp/buy/hocg/card/promo-hbp10/10081,0,
hBP03-058,C,0,ロボ子さん,30,,30 円,,https://yuyu-tei.jp/sell/hocg/card/hbp03/10118,,0,
hBP03-058,S,1,ロボ子さん(パラレル),220,50,220 円,50 円,https://yuyu-tei.jp/sell/hocg/card/hbp03/10119,https://yuyu-tei.jp/buy/hocg/card/hbp03/10119,0,
hBP03-059,S,1,ロボ子さん(パラレル),1480,800,"1,480 円",800 円,https://yuyu-tei.jp/sell/hocg/card/hbp03/10121,https://yuyu-tei.jp/buy/hocg/card/hbp03/10121,0,
hBP03-059,U,0,ロボ子さん,220,30,220 円,30 円,https://yuyu-tei.jp/sell/hocg/card/hbp03/10120,https://yuyu-tei.jp/buy/hocg/card/hbp03/10120,0,
hBP03-060,R,0,ロボ子さん,80,5,80 円,5 円,https://yuyu-tei.jp/sell/hocg/card/hbp03/10122,https://yuyu-tei.jp/buy/hocg/card/hbp03/10122,0,
hBP03-060,SR,1,ロボ子さん(パラレル),1280,700,"1,280 円",700 円,https://yuyu-tei.jp/sell/hocg/card/hbp03/10123,https://yuyu-tei.jp/buy/hocg/card/hbp03/10123,0,
hBP03-061,C,0,戌神ころね,180,,180 円,,https://yuyu-tei.jp/sell/hocg/card/hbp03/10124,,0,
hBP03-061,C,1,戌神ころね(パラレル/hBP06),80,,80 円,,https://yuyu-tei.jp/sell/hocg/card/hbp06/10223,,0,
hBP03-061,P,1,戌神ころね(パラレル/ベーシックPRパック vol.6),680,250,680 円,250 円,https://yuyu-tei.jp/sell/hocg/card/promo-hbp10/10090,https://yuyu-tei.jp/buy/hocg/card/promo-hbp10/10090,0,
hBP03-062,S,1,戌神ころね(パラレル),780,400,780 円,400 円,https://yuyu-tei.jp/sell/hocg/card/hbp03/10126,https://yuyu-tei.jp/buy/hocg/card/hbp03/10126,0,
hBP03-062,U,0,戌神ころね,80,,80 円,,https://yuyu-tei.jp/sell/hocg/card/hbp03/10125,,0,
hBP03-063,C,0,戌神ころね,30,,30 円,,https://yuyu-tei.jp/sell/hocg/card/hbp03/10127,,0,
hBP03-063,S,1,戌神ころね(パラレル),1280,700,"1,280 円",700 円,https://yuyu-tei.jp/sell/hocg/card/hbp03/10128,https://yuyu-tei.jp/buy/hocg/card/hbp03/10128,0,
hBP03-064,S,1,戌神ころね(パラレル),420,50,420 円,50 円,https://yuyu-tei.jp/sell/hocg/card/hbp03/10130,https://yuyu-tei.jp/buy/hocg/card/hbp03/10130,0,
hBP03-064,U,0,戌神ころね,50,,50 円,,https://yuyu-tei.jp/sell/hocg/card/hbp03/10129,,0,
hBP03-065,R,0,戌神ころね,180,10,180 円,10 円,https://yuyu-tei.jp/sell/hocg/card/hbp03/10131,https://yuyu-tei.jp/buy/hocg/card/hbp03/10131,0,
hBP03-065,SR,1,戌神ころね(パラレル),1480,700,"1,480 円",700 円,https://yuyu-tei.jp/sell/hocg/card/hbp03/10132,https://yuyu-tei.jp/buy/hocg/card/hbp03/10132,0,
hBP03-066,RR,0,戌神ころね,580,100,580 円,100 円,https://yuyu-tei.jp/sell/hocg/card/hbp03/10133,https://yuyu-tei.jp/buy/hocg/card/hbp03/10133,0,
hBP03-066,SR,1,戌神ころね(パラレル),780,250,780 円,250 円,https://yuyu-tei.jp/sell/hocg/card/hbp03/10134,https://yuyu-tei.jp/buy/hocg/card/hbp03/10134,0,
hBP03-066,UR,1,戌神ころね(パラレル),5980,3000,"5,980 円","3,000 円",https://yuyu-tei.jp/sell/hocg/card/hbp03/10135,https://yuyu-tei.jp/buy/hocg/card/hbp03/10135,0,
hBP03-067,C,0,角巻わため,120,,120 円,,https://yuyu-tei.jp/sell/hocg/card/hbp03/10136,,0,
hBP03-067,P,1,角巻わため(パラレル/ベーシックPRパック vol.4),220,,220 円,,https://yuyu-tei.jp/sell/hocg/card/promo-hbp10/10070,,0,
hBP03-068,S,1,角巻わため(パラレル),320,30,320 円,30 円,https://yuyu-tei.jp/sell/hocg/card/hbp03/10138,https://yuyu-tei.jp/buy/hocg/card/hbp03/10138,0,
hBP03-068,U,0,角巻わため,30,,30 円,,https://yuyu-tei.jp/sell/hocg/card/hbp03/10137,,0,
hBP03-069,C,0,角巻わため,30,,30 円,,https://yuyu-tei.jp/sell/hocg/card/hbp03/10139,,0,
hBP03-069,S,1,角巻わため(パラレル),580,250,580 円,250 円,https://yuyu-tei.jp/sell/hocg/card/hbp03/10140,https://yuyu-tei.jp/buy/hocg/card/hbp03/10140,0,
hBP03-070,S,1,角巻わため(パラレル),580,,580 円,,https://yuyu-tei.jp/sell/hocg/card/hbp03/10142,,0,
hBP03-070,U,0,角巻わため,30,,30 円,,https://yuyu-tei.jp/sell/hocg/card/hbp03/10141,,0,
hBP03-071,R,0,角巻わため,50,,50 円,,https://yuyu-tei.jp/sell/hocg/card/hbp03/10143,,0,
hBP03-071,SR,1,角巻わため(パラレル),580,200,580 円,200 円,https://yuyu-tei.jp/sell/hocg/card/hbp03/10144,https://yuyu-tei.jp/buy/hocg/card/hbp03/10144,0,
hBP03-072,RR,0,角巻わため,280,10,280 円,10 円,https://yuyu-tei.jp/sell/hocg/card/hbp03/10145,https://yuyu-tei.jp/buy/hocg/card/hbp03/10145,0,
hBP03-072,SR,1,角巻わため(パラレル),680,250,680 円,250 円,https://yuyu-tei.jp/sell/hocg/card/hbp03/10146,https://yuyu-tei.jp/buy/hocg/card/hbp03/10146,0,
hBP03-072,UR,1,角巻わため(パラレル),5980,3000,"5,980 円","3,000 円",https://yuyu-tei.jp/sell/hocg/card/hbp03/10147,https://yuyu-tei.jp/buy/hocg/card/hbp03/10147,0,
hBP03-073,C,0,アユンダ・リス,80,,80 円,,https://yuyu-tei.jp/sell/hocg/card/hbp03/10148,,0,
hBP03-073,P,1,アユンダ・リス(パラレル/ベーシックPRパック vol.5),180,,180 円,,https://yuyu-tei.jp/sell/hocg/card/promo-hbp10/10083,,0,
hBP03-074,S,1,アユンダ・リス(パラレル),180,5,180 円,5 円,https://yuyu-tei.jp/sell/hocg/card/hbp03/10150,https://yuyu-tei.jp/buy/hocg/card/hbp03/10150,0,
hBP03-074,U,0,アユンダ・リス,30,,30 円,,https://yuyu-tei.jp/sell/hocg/card/hbp03/10149,,0,
hBP03-075,C,0,アユンダ・リス,30,,30 円,,https://yuyu-tei.jp/sell/hocg/card/hbp03/10151,,0,
hBP03-075,S,1,アユンダ・リス(パラレル),180,5,180 円,5 円,https://yuyu-tei.jp/sell/hocg/card/hbp03/10152,https://yuyu-tei.jp/buy/hocg/card/hbp03/10152,0,
hBP03-076,S,1,アユンダ・リス(パラレル),420,200,420 円,200 円,https://yuyu-tei.jp/sell/hocg/card/hbp03/10154,https://yuyu-tei.jp/buy/hocg/card/hbp03/10154,0,
hBP03-076,U,0,アユンダ・リス,50,,50 円,,https://yuyu-tei.jp/sell/hocg/card/hbp03/10153,,0,
hBP03-077,R,0,アユンダ・リス,50,,50 円,,https://yuyu-tei.jp/sell/hocg/card/hbp03/10155,,0,
hBP03-077,SR,1,アユンダ・リス(パラレル),500,,500 円,,https://yuyu-tei.jp/sell/hocg/card/hbp03/10156,,0,
hBP03-078,RR,0,アユンダ・リス,120,,120 円,,https://yuyu-tei.jp/sell/hocg/card/hbp03/10157,,0,
hBP03-078,SR,1,アユンダ・リス(パラレル),420,50,420 円,50 円,https://yuyu-tei.jp/sell/hocg/card/hbp03/10158,https://yuyu-tei.jp/buy/hocg/card/hbp03/10158,0,
hBP03-078,UR,1,アユンダ・リス(パラレル),1780,800,"1,780 円",800 円,https://yuyu-tei.jp/sell/hocg/card/hbp03/10159,https://yuyu-tei.jp/buy/hocg/card/hbp03/10159,0,
hBP03-079,RR,0,不知火フレア,220,20,220 円,20 円,https://yuyu-tei.jp/sell/hocg/card/hbp03/10160,https://yuyu-tei.jp/buy/hocg/card/hbp03/10160,0,
hBP03-079,SR,1,不知火フレア(パラレル),780,400,780 円,400 円,https://yuyu-tei.jp/sell/hocg/card/hbp03/10161,https://yuyu-tei.jp/buy/hocg/card/hbp03/10161,0,
hBP03-079,UR,1,不知火フレア(パラレル),3480,1800,"3,480 円","1,800 円",https://yuyu-tei.jp/sell/hocg/card/hbp03/10162,https://yuyu-tei.jp/buy/hocg/card/hbp03/10162,0,
hBP03-080,C,0,音乃瀬奏,80,,80 円,,https://yuyu-tei.jp/sell/hocg/card/hbp03/10163,,0,
hBP03-080,P,1,音乃瀬奏(パラレル/ベーシックPRパック vol.4),320,5,320 円,5 円,https://yuyu-tei.jp/sell/hocg/card/promo-hbp10/10071,https://yuyu-tei.jp/buy/hocg/card/promo-hbp10/10071,0,
hBP03-081,C,0,音乃瀬奏,30,,30 円,,https://yuyu-tei.jp/sell/hocg/card/hbp03/10164,,0,
hBP03-081,S,1,音乃瀬奏(パラレル),180,5,180 円,5 円,https://yuyu-tei.jp/sell/hocg/card/hbp03/10165,https://yuyu-tei.jp/buy/hocg/card/hbp03/10165,0,
hBP03-082,S,1,音乃瀬奏(パラレル),180,10,180 円,10 円,https://yuyu-tei.jp/sell/hocg/card/hbp03/10167,https://yuyu-tei.jp/buy/hocg/card/hbp03/10167,0,
hBP03-082,U,0,音乃瀬奏,30,,30 円,,https://yuyu-tei.jp/sell/hocg/card/hbp03/10166,,0,
hBP03-083,R,0,音乃瀬奏,50,,50 円,,https://yuyu-tei.jp/sell/hocg/card/hbp03/10168,,0,
hBP03-083,SR,1,音乃瀬奏(パラレル),500,150,500 円,150 円,https://yuyu-tei.jp/sell/hocg/card/hbp03/10169,https://yuyu-tei.jp/buy/hocg/card/hbp03/10169,0,
hBP03-084,S,1,ゴージャスパソコン(パラレル),180,10,180 円,10 円,https://yuyu-tei.jp/sell/hocg/card/hbp03/10171,https://yuyu-tei.jp/buy/hocg/card/hbp03/10171,0,
hBP03-084,U,0,ゴージャスパソコン,30,,30 円,,https://yuyu-tei.jp/sell/hocg/card/hbp03/10170,,0,
hBP03-085,S,1,スーパーパソコン(パラレル),280,5,280 円,5 円,https://yuyu-tei.jp/sell/hocg/card/hbp03/10173,https://yuyu-tei.jp/buy/hocg/card/hbp03/10173,0,
hBP03-085,U,0,スーパーパソコン,80,,80 円,,https://yuyu-tei.jp/sell/hocg/card/hbp03/10172,,0,
hBP03-086,C,0,デュアルモニターパソコン,80,,80 円,,https://yuyu-tei.jp/sell/hocg/card/hbp03/10174,,0,
hBP03-086,S,1,デュアルモニターパソコン(パラレル),320,10,320 円,10 円,https://yuyu-tei.jp/sell/hocg/card/hbp03/10175,https://yuyu-tei.jp/buy/hocg/card/hbp03/10175,0,
hBP03-087,C,0,コールアンドレスポンス,30,,30 円,,https://yuyu-tei.jp/sell/hocg/card/hbp03/10176,,0,
hBP03-087,S,1,コールアンドレスポンス(パラレル),220,5,220 円,5 円,https://yuyu-tei.jp/sell/hocg/card/hbp03/10177,https://yuyu-tei.jp/buy/hocg/card/hbp03/10177,0,
hBP03-088,P,1,凸待ち(パラレル/夏色まつり/ベーシックPRパック vol.4),7980,6000,"7,980 円","6,000 円",https://yuyu-tei.jp/sell/hocg/card/promo-hbp10/10072,https://yuyu-tei.jp/buy/hocg/card/promo-hbp10/10072,0,
hBP03-088,S,1,凸待ち(パラレル),980,700,980 円,700 円,https://yuyu-tei.jp/sell/hocg/card/hbp03/10179,https://yuyu-tei.jp/buy/hocg/card/hbp03/10179,0,
hBP03-088,U,0,凸待ち,220,20,220 円,20 円,https://yuyu-tei.jp/sell/hocg/card/hbp03/10178,https://yuyu-tei.jp/buy/hocg/card/hbp03/10178,0,
hBP03-089,S,1,ファンミーティング(パラレル),120,,120 円,,https://yuyu-tei.jp/sell/hocg/card/hbp03/10181,,0,
hBP03-089,U,0,ファンミーティング,30,,30 円,,https://yuyu-tei.jp/sell/hocg/card/hbp03/10180,,0,
hBP03-090,S,1,ホロライブ言えるかな？(パラレル),320,20,320 円,20 円,https://yuyu-tei.jp/sell/hocg/card/hbp03/10183,https://yuyu-tei.jp/buy/hocg/card/hbp03/10183,0,
hBP03-090,U,0,ホロライブ言えるかな？,80,,80 円,,https://yuyu-tei.jp/sell/hocg/card/hbp03/10182,,0,
hBP03-091,S,1,ホロライブインドネシア1期生(パラレル),180,10,180 円,10 円,https://yuyu-tei.jp/sell/hocg/card/hbp03/10185,https://yuyu-tei.jp/buy/hocg/card/hbp03/10185,0,
hBP03-091,U,0,ホロライブインドネシア1期生,30,,30 円,,https://yuyu-tei.jp/sell/hocg/card/hbp03/10184,,0,
hBP03-092,P,1,ホロライブ0期生(パラレル/8th Anniversary Fireworks),2980,1000,"2,980 円","1,000 円",https://yuyu-tei.jp/sell/hocg/card/promo-hbp10/10110,https://yuyu-tei.jp/buy/hocg/card/promo-hbp10/10110,0,
hBP03-092,S,1,ホロライブ0期生(パラレル),580,100,580 円,100 円,https://yuyu-tei.jp/sell/hocg/card/hbp03/10187,https://yuyu-tei.jp/buy/hocg/card/hbp03/10187,0,
hBP03-092,U,0,ホロライブ0期生,80,,80 円,,https://yuyu-tei.jp/sell/hocg/card/hbp03/10186,,0,
hBP03-093,P,1,ホロライブ4期生(パラレル/サマーPRパック2025),320,5,320 円,5 円,https://yuyu-tei.jp/sell/hocg/card/promo-hbp10/10109,https://yuyu-tei.jp/buy/hocg/card/promo-hbp10/10109,0,
hBP03-093,S,1,ホロライブ4期生(パラレル),280,10,280 円,10 円,https://yuyu-tei.jp/sell/hocg/card/hbp03/10189,https://yuyu-tei.jp/buy/hocg/card/hbp03/10189,0,
hBP03-093,U,0,ホロライブ4期生,50,,50 円,,https://yuyu-tei.jp/sell/hocg/card/hbp03/10188,,0,
hBP03-093,U,1,ホロライブ4期生(パラレル/SD08),50,,50 円,,https://yuyu-tei.jp/sell/hocg/card/hsd08/10008,,0,
hBP03-094,S,1,FPS配信(パラレル),220,5,220 円,5 円,https://yuyu-tei.jp/sell/hocg/card/hbp03/10191,https://yuyu-tei.jp/buy/hocg/card/hbp03/10191,0,
hBP03-094,U,0,FPS配信,50,,50 円,,https://yuyu-tei.jp/sell/hocg/card/hbp03/10190,,0,
hBP03-095,C,0,ホロキャップ,30,,30 円,,https://yuyu-tei.jp/sell/hocg/card/hbp03/10192,,0,
hBP03-095,S,1,ホロキャップ(パラレル),420,100,420 円,100 円,https://yuyu-tei.jp/sell/hocg/card/hbp03/10193,https://yuyu-tei.jp/buy/hocg/card/hbp03/10193,0,
hBP03-096,S,1,ライフル(パラレル),980,500,980 円,500 円,https://yuyu-tei.jp/sell/hocg/card/hbp03/10195,https://yuyu-tei.jp/buy/hocg/card/hbp03/10195,0,
hBP03-096,U,0,ライフル,120,5,120 円,5 円,https://yuyu-tei.jp/sell/hocg/card/hbp03/10194,https://yuyu-tei.jp/buy/hocg/card/hbp03/10194,0,
hBP03-097,C,0,リコーダー,30,,30 円,,https://yuyu-tei.jp/sell/hocg/card/hbp03/10196,,0,
hBP03-097,S,1,リコーダー(パラレル),180,5,180 円,5 円,https://yuyu-tei.jp/sell/hocg/card/hbp03/10197,https://yuyu-tei.jp/buy/hocg/card/hbp03/10197,0,
hBP03-098,S,1,金時(パラレル),420,150,420 円,150 円,https://yuyu-tei.jp/sell/hocg/card/hbp03/10199,https://yuyu-tei.jp/buy/hocg/card/hbp03/10199,0,
hBP03-098,U,0,金時,50,,50 円,,https://yuyu-tei.jp/sell/hocg/card/hbp03/10198,,0,
hBP03-099,C,0,マグチ,30,,30 円,,https://yuyu-tei.jp/sell/hocg/card/hbp03/10200,,0,
hBP03-099,S,1,マグチ(パラレル),280,30,280 円,30 円,https://yuyu-tei.jp/sell/hocg/card/hbp03/10201,https://yuyu-tei.jp/buy/hocg/card/hbp03/10201,0,
hBP03-100,C,0,ペロ,30,,30 円,,https://yuyu-tei.jp/sell/hocg/card/hbp03/10202,,0,
hBP03-100,S,1,ペロ(パラレル),180,30,180 円,30 円,https://yuyu-tei.jp/sell/hocg/card/hbp03/10203,https://yuyu-tei.jp/buy/hocg/card/hbp03/10203,0,
hBP03-101,C,0,ビビ,30,,30 円,,https://yuyu-tei.jp/sell/hocg/card/hbp03/10204,,0,
hBP03-101,S,1,ビビ(パラレル),420,100,420 円,100 円,https://yuyu-tei.jp/sell/hocg/card/hbp03/10205,https://yuyu-tei.jp/buy/hocg/card/hbp03/10205,0,
hBP03-102,S,1,フトイヌ(パラレル),980,600,980 円,600 円,https://yuyu-tei.jp/sell/hocg/card/hbp03/10207,https://yuyu-tei.jp/buy/hocg/card/hbp03/10207,0,
hBP03-102,U,0,フトイヌ,50,3,50 円,3 円,https://yuyu-tei.jp/sell/hocg/card/hbp03/10206,https://yuyu-tei.jp/buy/hocg/card/hbp03/10206,0,
hBP03-103,C,0,ホソイヌ,30,,30 円,,https://yuyu-tei.jp/sell/hocg/card/hbp03/10208,,0,
hBP03-103,S,1,ホソイヌ(パラレル),180,5,180 円,5 円,https://yuyu-tei.jp/sell/hocg/card/hbp03/10209,https://yuyu-tei.jp/buy/hocg/card/hbp03/10209,0,
hBP03-104,C,0,Riscot,30,,30 円,,https://yuyu-tei.jp/sell/hocg/card/hbp03/10210,,0,
hBP03-104,S,1,Riscot(パラレル),180,10,180 円,10 円,https://yuyu-tei.jp/sell/hocg/card/hbp03/10211,https://yuyu-tei.jp/buy/hocg/card/hbp03/10211,0,
hBP03-105,P,1,ルーナイト(パラレル/ベーシックPRパック vol.5),4980,3500,"4,980 円","3,500 円",https://yuyu-tei.jp/sell/hocg/card/promo-hbp10/10085,https://yuyu-tei.jp/buy/hocg/card/promo-hbp10/10085,0,
hBP03-105,S,1,ルーナイト(パラレル),420,50,420 円,50 円,https://yuyu-tei.jp/sell/hocg/card/hbp03/10213,https://yuyu-tei.jp/buy/hocg/card/hbp03/10213,0,
hBP03-105,U,0,ルーナイト,50,,50 円,,https://yuyu-tei.jp/sell/hocg/card/hbp03/10212,,0,
hBP03-106,C,0,SSRB,30,,30 円,,https://yuyu-tei.jp/sell/hocg/card/hbp03/10214,,0,
hBP03-106,S,1,SSRB(パラレル),180,10,180 円,10 円,https://yuyu-tei.jp/sell/hocg/card/hbp03/10215,https://yuyu-tei.jp/buy/hocg/card/hbp03/10215,0,
hBP03-107,P,1,35P(パラレル/ベーシックPRパック vol.4),8980,4500,"8,980 円","4,500 円",https://yuyu-tei.jp/sell/hocg/card/promo-hbp10/10075,https://yuyu-tei.jp/buy/hocg/card/promo-hbp10/10075,0,
hBP03-107,S,1,35P(パラレル),780,300,780 円,300 円,https://yuyu-tei.jp/sell/hocg/card/hbp03/10217,https://yuyu-tei.jp/buy/hocg/card/hbp03/10217,0,
hBP03-107,U,0,35P,120,,120 円,,https://yuyu-tei.jp/sell/hocg/card/hbp03/10216,,0,
hBP03-108,C,0,はあとん,30,,30 円,,https://yuyu-tei.jp/sell/hocg/card/hbp03/10218,,0,
hBP03-108,S,1,はあとん(パラレル),120,2,120 円,2 円,https://yuyu-tei.jp/sell/hocg/card/hbp03/10219,https://yuyu-tei.jp/buy/hocg/card/hbp03/10219,0,
hBP03-109,C,0,Ruffians,30,,30 円,,https://yuyu-tei.jp/sell/hocg/card/hbp03/10220,,0,
hBP03-109,S,1,Ruffians(パラレル),120,2,120 円,2 円,https://yuyu-tei.jp/sell/hocg/card/hbp03/10221,https://yuyu-tei.jp/buy/hocg/card/hbp03/10221,0,
hBP03-110,S,1,ろぼさー(パラレル),780,400,780 円,400 円,https://yuyu-tei.jp/sell/hocg/card/hbp03/10223,https://yuyu-tei.jp/buy/hocg/card/hbp03/10223,0,
hBP03-110,U,0,ろぼさー,30,,30 円,,https://yuyu-tei.jp/sell/hocg/card/hbp03/10222,,0,
hBP03-111,C,0,ころねすきー,30,,30 円,,https://yuyu-tei.jp/sell/hocg/card/hbp03/10224,,0,
hBP03-111,S,1,ころねすきー(パラレル),180,5,180 円,5 円,https://yuyu-tei.jp/sell/hocg/card/hbp03/10225,https://yuyu-tei.jp/buy/hocg/card/hbp03/10225,0,
hBP03-112,P,1,わためいと(パラレル/ベーシックPRパック vol.5),4980,3500,"4,980 円","3,500 円",https://yuyu-tei.jp/sell/hocg/card/promo-hbp10/10086,https://yuyu-tei.jp/buy/hocg/card/promo-hbp10/10086,0,
hBP03-112,S,1,わためいと(パラレル),420,200,420 円,200 円,https://yuyu-tei.jp/sell/hocg/card/hbp03/10227,https://yuyu-tei.jp/buy/hocg/card/hbp03/10227,0,
hBP03-112,U,0,わためいと,50,,50 円,,https://yuyu-tei.jp/sell/hocg/card/hbp03/10226,,0,
hBP03-113,C,0,Risuners,30,,30 円,,https://yuyu-tei.jp/sell/hocg/card/hbp03/10228,,0,
hBP03-113,S,1,Risuners(パラレル),180,,180 円,,https://yuyu-tei.jp/sell/hocg/card/hbp03/10229,,0,
hSD05-009,RR,0,轟はじめ,120,5,120 円,5 円,https://yuyu-tei.jp/sell/hocg/card/hsd05/10009,https://yuyu-tei.jp/buy/hocg/card/hsd05/10009,0,
hSD05-009,SR,1,轟はじめ(パラレル),580,200,580 円,200 円,https://yuyu-tei.jp/sell/hocg/card/hbp03/10230,https://yuyu-tei.jp/buy/hocg/card/hbp03/10230,0,
hSD06-007,RR,0,風真いろは,320,20,320 円,20 円,https://yuyu-tei.jp/sell/hocg/card/hsd06/10007,https://yuyu-tei.jp/buy/hocg/card/hsd06/10007,0,
hSD06-007,SR,1,風真いろは(パラレル),1280,600,"1,280 円",600 円,https://yuyu-tei.jp/sell/hocg/card/hbp03/10231,https://yuyu-tei.jp/buy/hocg/card/hbp03/10231,0,
hSD07-009,RR,0,不知火フレア,180,10,180 円,10 円,https://yuyu-tei.jp/sell/hocg/card/hsd07/10009,https://yuyu-tei.jp/buy/hocg/card/hsd07/10009,0,
hSD07-009,SR,1,不知火フレア(パラレル),580,150,580 円,150 円,https://yuyu-tei.jp/sell/hocg/card/hbp03/10232,https://yuyu-tei.jp/buy/hocg/card/hbp03/10232,0,
hY01-001,C,0,白エール,50,,50 円,,https://yuyu-tei.jp/sell/hocg/card/yell01/10001,,0,
hY01-004,SY,0,白エール(姫森ルーナ),1980,1400,"1,980 円","1,400 円",https://yuyu-tei.jp/sell/hocg/card/yell01/10017,https://yuyu-tei.jp/buy/hocg/card/yell01/10017,0,
hY02-001,C,0,緑エール,80,2,80 円,2 円,https://yuyu-tei.jp/sell/hocg/card/yell01/10002,https://yuyu-tei.jp/buy/hocg/card/yell01/10002,0,
hY02-003,SY,0,緑エール(風真いろは),4980,4000,"4,980 円","4,000 円",https://yuyu-tei.jp/sell/hocg/card/yell01/10018,https://yuyu-tei.jp/buy/hocg/card/yell01/10018,0,
hY03-001,C,0,赤エール,50,,50 円,,https://yuyu-tei.jp/sell/hocg/card/yell01/10003,,0,
hY03-003,SY,0,赤エール(さくらみこ),3980,2000,"3,980 円","2,000 円",https://yuyu-tei.jp/sell/hocg/card/yell01/10019,https://yuyu-tei.jp/buy/hocg/card/yell01/10019,0,
hY04-001,C,0,青エール,80,,80 円,,https://yuyu-tei.jp/sell/hocg/card/yell01/10004,,0,
hY04-003,SY,0,青エール(星街すいせい),5980,3000,"5,980 円","3,000 円",https://yuyu-tei.jp/sell/hocg/card/yell01/10020,https://yuyu-tei.jp/buy/hocg/card/yell01/10020,0,
hY05-001,C,0,紫エール,120,5,120 円,5 円,https://yuyu-tei.jp/sell/hocg/card/yell01/10006,https://yuyu-tei.jp/buy/hocg/card/yell01/10006,0,
hY05-003,SY,0,紫エール(常闇トワ),3480,1800,"3,480 円","1,800 円",https://yuyu-tei.jp/sell/hocg/card/yell01/10021,https://yuyu-tei.jp/buy/hocg/card/yell01/10021,0,
hY06-001,C,0,黄エール,120,10,120 円,10 円,https://yuyu-tei.jp/sell/hocg/card/yell01/10012,https://yuyu-tei.jp/buy/hocg/card/yell01/10012,0,
hY06-002,SY,0,黄エール(角巻わため),2480,1800,"2,480 円","1,800 円",https://yuyu-tei.jp/sell/hocg/card/yell01/10022,https://yuyu-tei.jp/buy/hocg/card/yell01/10022,0,
